{
  "hot_digits": [
    7,
    0,
    6,
    4,
    5
  ],
  "cold_digits": [
    8,
    1,
    2,
    9,
    3
  ],
  "common_sums": [
    17,
    18,
    20,
    16,
    19
  ],
  "day_averages": {
    "0": 4923.2341440152595,
    "1": 5070.417461832061,
    "2": 5067.091515729266,
    "3": 4953.928878281623,
    "4": 4992.650740563784,
    "5": 5036.3748211731045,
    "6": 5045.524105011933
  },
  "box_match_rate": 0.0
}